City_ID,City,Country,Date,Lat,Lng,Max Temp,Humidity,Cloudiness,Wind Speed
0,Pinega,RU,2020-10-17 00:24:54,64.7,43.39,32.04,95,89,9.82
1,Arraial Do Cabo,BR,2020-10-17 00:24:55,-22.97,-42.03,70.23,73,92,8.72
2,Punta Arenas,CL,2020-10-17 00:22:11,-53.15,-70.92,41.0,86,75,10.29
3,Ushuaia,AR,2020-10-17 00:24:55,-54.8,-68.3,42.8,85,40,25.28
4,Qaanaaq,GL,2020-10-17 00:24:55,77.48,-69.36,30.99,87,100,6.89
5,Avarua,CK,2020-10-17 00:24:55,-21.21,-159.78,78.8,61,28,10.29
6,Hermanus,ZA,2020-10-17 00:24:55,-34.42,19.23,59.0,76,50,5.79
7,Changqing,CN,2020-10-17 00:24:55,36.56,116.73,57.0,52,0,4.72
8,Yumen,CN,2020-10-17 00:24:55,40.28,97.2,42.78,50,62,11.61
9,Souillac,MU,2020-10-17 00:24:56,-20.52,57.52,68.0,94,20,5.82
10,Bambous Virieux,MU,2020-10-17 00:24:56,-20.34,57.76,68.0,94,20,5.82
11,Chokurdakh,RU,2020-10-17 00:24:08,70.63,147.92,31.77,99,100,9.31
12,Adrar,MR,2020-10-17 00:24:56,20.5,-10.07,87.82,16,0,8.99
13,Albany,US,2020-10-17 00:24:56,42.6,-73.97,48.0,89,100,5.19
14,Constitucion,CL,2020-10-17 00:24:56,-35.33,-72.42,52.27,92,3,0.63
15,Bengkulu,ID,2020-10-17 00:24:56,-3.8,102.27,76.12,85,65,3.11
16,East London,ZA,2020-10-17 00:24:57,-33.02,27.91,66.02,78,34,19.28
17,Scarborough,GB,2020-10-17 00:24:57,54.28,-0.4,48.99,87,90,1.99
18,Saint-Philippe,RE,2020-10-17 00:24:57,-21.36,55.77,71.6,60,22,6.93
19,Chuy,UY,2020-10-17 00:24:57,-33.7,-53.46,57.25,90,4,11.12
20,Amapa,BR,2020-10-17 00:24:57,1.0,-52.0,80.38,49,66,5.79
21,Salym,RU,2020-10-17 00:24:57,60.06,71.48,33.87,87,36,9.44
22,Clyde River,CA,2020-10-17 00:24:57,70.47,-68.59,33.8,100,90,12.75
23,New Norfolk,AU,2020-10-17 00:24:58,-42.78,147.06,50.0,68,100,1.01
24,Port Alfred,ZA,2020-10-17 00:24:58,-33.59,26.89,63.93,82,11,16.96
25,Tuktoyaktuk,CA,2020-10-17 00:24:58,69.45,-133.04,21.2,85,90,23.04
26,Campbell River,CA,2020-10-17 00:24:18,50.02,-125.24,55.4,87,75,7.4
27,Sherbakul,RU,2020-10-17 00:21:11,54.63,72.4,50.0,46,99,11.18
28,Odweyne,SO,2020-10-17 00:24:58,9.41,45.06,73.47,44,2,0.94
29,Kapaa,US,2020-10-17 00:24:58,22.08,-159.32,84.2,70,20,13.87
30,Mataura,NZ,2020-10-17 00:24:58,-46.19,168.86,54.0,62,48,5.01
31,Nouakchott,MR,2020-10-17 00:24:59,18.09,-15.98,86.0,51,58,10.29
32,Cape Town,ZA,2020-10-17 00:21:52,-33.93,18.42,57.0,93,34,4.7
33,Bredasdorp,ZA,2020-10-17 00:24:59,-34.53,20.04,53.6,93,51,1.12
34,Busselton,AU,2020-10-17 00:24:59,-33.65,115.33,59.0,75,0,8.75
35,Mar Del Plata,AR,2020-10-17 00:24:59,-38.0,-57.56,57.0,100,90,11.41
36,Kamaishi,JP,2020-10-17 00:24:59,39.27,141.88,50.0,87,75,9.17
37,Pangnirtung,CA,2020-10-17 00:24:59,66.15,-65.71,38.01,84,100,5.26
38,Marau,BR,2020-10-17 00:25:00,-28.45,-52.2,60.01,69,0,5.41
39,Mahebourg,MU,2020-10-17 00:25:00,-20.41,57.7,68.0,94,20,5.82
40,Dikson,RU,2020-10-17 00:25:00,73.51,80.55,20.23,95,51,13.69
41,Rikitea,PF,2020-10-17 00:25:00,-23.12,-134.97,73.87,81,99,19.75
42,Puerto Escondido,MX,2020-10-17 00:25:00,15.85,-97.07,82.4,69,75,5.82
43,Kruisfontein,ZA,2020-10-17 00:25:00,-34.0,24.73,57.0,95,11,1.01
44,Kombissiri,BF,2020-10-17 00:25:01,12.07,-1.34,73.4,83,40,5.82
45,Kodiak,US,2020-10-17 00:23:57,57.79,-152.41,46.4,65,1,5.82
46,Banda Aceh,ID,2020-10-17 00:25:01,5.56,95.32,81.3,70,100,12.93
47,Tangshan,CN,2020-10-17 00:24:27,39.63,118.18,52.61,40,0,9.78
48,Pevek,RU,2020-10-17 00:25:01,69.7,170.31,36.1,83,15,11.52
49,Broken Hill,AU,2020-10-17 00:25:02,-31.95,141.43,64.4,82,90,11.41
50,Nikolayevka,RU,2020-10-17 00:25:02,53.13,47.2,50.43,75,73,14.32
51,Yulara,AU,2020-10-17 00:25:02,-25.24,130.99,84.2,30,10,14.99
52,Bluff,NZ,2020-10-17 00:25:02,-46.6,168.33,54.0,62,32,5.01
53,Sitka,US,2020-10-17 00:25:03,57.05,-135.33,50.0,66,75,10.29
54,Ranfurly,NZ,2020-10-17 00:25:03,-45.13,170.1,53.01,61,98,6.82
55,Lebu,CL,2020-10-17 00:25:03,-37.62,-73.65,51.15,94,43,3.67
56,Portland,US,2020-10-17 00:20:18,45.52,-122.68,66.99,52,90,3.36
57,Concarneau,FR,2020-10-17 00:25:04,47.88,-3.92,42.8,93,23,4.7
58,Nohar,IN,2020-10-17 00:25:04,29.18,74.77,71.29,23,11,3.04
59,Brae,GB,2020-10-17 00:25:04,60.4,-1.35,42.8,93,100,9.17
60,Ulladulla,AU,2020-10-17 00:24:05,-35.35,150.47,70.0,60,40,4.7
61,Ribeira Grande,PT,2020-10-17 00:25:04,38.52,-28.7,64.27,71,18,9.4
62,Atambua,ID,2020-10-17 00:25:05,-9.11,124.89,84.65,43,3,1.36
63,Tukrah,LY,2020-10-17 00:25:05,32.53,20.58,79.34,33,52,8.55
64,Hasaki,JP,2020-10-17 00:25:05,35.73,140.83,54.0,93,75,9.17
65,Ilulissat,GL,2020-10-17 00:25:05,69.22,-51.1,48.2,57,100,14.99
66,Challans,FR,2020-10-17 00:25:05,46.84,-1.87,50.0,81,90,6.93
67,Champerico,GT,2020-10-17 00:25:06,14.3,-91.92,77.0,94,75,4.7
68,Urucara,BR,2020-10-17 00:25:06,-2.54,-57.76,83.88,50,35,1.43
69,Hobart,AU,2020-10-17 00:21:57,-42.88,147.33,51.01,70,75,5.82
70,Cidreira,BR,2020-10-17 00:22:49,-30.18,-50.21,64.38,79,8,20.15
71,Pacaembu,BR,2020-10-17 00:25:06,-21.56,-51.26,71.22,60,98,10.54
72,Diego De Almagro,CL,2020-10-17 00:25:06,-26.37,-70.05,59.32,34,0,1.54
73,Sao Jose Da Coroa Grande,BR,2020-10-17 00:25:06,-8.9,-35.15,75.65,85,41,9.42
74,Barrow,US,2020-10-17 00:25:07,71.29,-156.79,17.6,72,1,25.28
75,Nome,US,2020-10-17 00:22:41,64.5,-165.41,39.2,86,90,27.51
76,Hambantota,LK,2020-10-17 00:25:07,6.12,81.12,77.0,88,20,9.17
77,Vostok,RU,2020-10-17 00:25:07,46.49,135.88,37.02,77,62,7.49
78,Kuandian,CN,2020-10-17 00:25:07,40.73,124.78,46.0,59,0,2.95
79,Carnarvon,AU,2020-10-17 00:25:08,-24.87,113.63,71.6,78,0,19.46
80,Vila Velha,BR,2020-10-17 00:20:11,-20.33,-40.29,69.8,83,100,11.41
81,Srandakan,ID,2020-10-17 00:25:08,-7.94,110.25,79.0,76,100,6.96
82,Provideniya,RU,2020-10-17 00:25:08,64.38,-173.3,41.32,82,88,11.39
83,Kimbe,PG,2020-10-17 00:25:08,-5.55,150.14,87.46,64,93,3.15
84,Mehamn,NO,2020-10-17 00:25:08,71.04,27.85,35.67,80,100,8.14
85,Iqaluit,CA,2020-10-17 00:25:08,63.75,-68.51,33.8,100,90,5.82
86,Tirumullaivasal,IN,2020-10-17 00:25:09,11.23,79.83,77.85,81,13,4.76
87,Corner Brook,CA,2020-10-17 00:25:09,48.97,-57.95,48.2,93,5,2.24
88,Bardiyah,LY,2020-10-17 00:25:09,31.76,25.09,77.81,42,18,12.15
89,Andenes,NO,2020-10-17 00:25:09,69.31,16.12,41.0,93,75,3.36
90,Georgetown,MY,2020-10-17 00:25:09,5.41,100.34,80.6,88,20,3.76
91,Kahului,US,2020-10-17 00:25:09,20.89,-156.47,91.4,49,40,9.17
92,Vila Franca Do Campo,PT,2020-10-17 00:25:10,37.72,-25.43,64.4,88,75,8.05
93,Bethel,US,2020-10-17 00:25:10,41.37,-73.41,48.2,93,90,5.82
94,Tasiilaq,GL,2020-10-17 00:25:10,65.61,-37.64,37.4,64,49,25.28
95,Makakilo City,US,2020-10-17 00:24:55,21.35,-158.09,86.0,62,1,9.17
96,Thompson,CA,2020-10-17 00:25:10,55.74,-97.86,30.2,74,75,10.29
97,Hilo,US,2020-10-17 00:23:18,19.73,-155.09,87.8,58,1,13.87
98,Mazagao,BR,2020-10-17 00:25:10,-0.12,-51.29,84.2,70,71,10.29
99,Atuona,PF,2020-10-17 00:25:11,-9.8,-139.03,78.51,74,1,17.9
100,Hithadhoo,MV,2020-10-17 00:25:11,-0.6,73.08,83.46,75,95,19.57
101,Paragominas,BR,2020-10-17 00:25:11,-2.97,-47.48,74.61,92,87,3.04
102,Celestun,MX,2020-10-17 00:25:11,20.87,-90.4,80.51,77,5,10.92
103,Bemidji,US,2020-10-17 00:25:11,47.47,-94.88,30.2,46,1,3.58
104,Batemans Bay,AU,2020-10-17 00:25:11,-35.72,150.18,66.0,78,100,5.01
105,Bianzhuang,CN,2020-10-17 00:20:38,34.85,118.04,54.86,58,1,1.48
106,Saskylakh,RU,2020-10-17 00:25:12,71.92,114.08,3.69,93,88,3.36
107,Beringovskiy,RU,2020-10-17 00:25:12,63.05,179.32,41.18,83,14,5.79
108,Vaini,TO,2020-10-17 00:25:12,-21.2,-175.2,77.0,83,75,12.75
109,Fortuna,US,2020-10-17 00:25:12,40.6,-124.16,69.01,59,1,10.29
110,Dandong,CN,2020-10-17 00:25:12,40.13,124.39,50.09,55,0,2.98
111,Saint-Pierre,RE,2020-10-17 00:25:12,-21.34,55.48,71.6,60,48,6.93
112,Magadan,RU,2020-10-17 00:25:13,59.57,150.8,33.21,82,43,3.24
113,Sioux Lookout,CA,2020-10-17 00:25:13,50.1,-91.92,30.2,46,75,5.82
114,Codrington,AU,2020-10-17 00:25:13,-38.27,141.97,56.59,86,93,14.5
115,Boulder City,US,2020-10-17 00:24:42,35.98,-114.83,84.2,7,1,5.82
116,Grand Gaube,MU,2020-10-17 00:25:13,-20.01,57.66,68.0,94,20,5.82
117,Shingu,JP,2020-10-17 00:25:13,33.73,135.98,57.2,100,75,2.24
118,Faanui,PF,2020-10-17 00:25:14,-16.48,-151.75,79.36,78,38,11.39
119,Airai,TL,2020-10-17 00:25:14,-8.93,125.41,74.48,47,53,2.66
120,Yellowknife,CA,2020-10-17 00:25:14,62.46,-114.35,26.01,92,90,18.34
121,Villa Carlos Paz,AR,2020-10-17 00:25:14,-31.42,-64.5,78.01,49,73,10.29
122,Cherskiy,RU,2020-10-17 00:25:14,68.75,161.3,28.09,95,94,4.74
123,Nago,JP,2020-10-17 00:20:48,26.59,127.98,80.01,78,1,6.93
124,Jiuquan,CN,2020-10-17 00:25:14,39.74,98.52,41.58,51,36,6.53
125,Mnogovershinnyy,RU,2020-10-17 00:25:14,53.94,139.92,33.46,86,62,8.46
126,Amuntai,ID,2020-10-17 00:25:15,-2.42,115.25,77.58,93,99,2.19
127,Taunggyi,MM,2020-10-17 00:25:15,20.78,97.03,61.79,100,90,2.3
128,Alofi,NU,2020-10-17 00:25:15,-19.06,-169.92,78.8,83,100,8.05
129,Thinadhoo,MV,2020-10-17 00:25:15,0.53,72.93,82.69,77,61,19.39
130,San Quintin,MX,2020-10-17 00:25:15,30.48,-115.95,76.6,59,0,10.74
131,Hamilton,US,2020-10-17 00:22:43,39.18,-84.53,48.2,56,1,4.68
132,Port Elizabeth,ZA,2020-10-17 00:25:15,-33.92,25.57,60.8,93,20,5.82
133,Saint Anthony,US,2020-10-17 00:25:16,45.02,-93.22,39.99,41,1,6.96
134,Kampene,CD,2020-10-17 00:25:16,-3.6,26.67,67.01,96,69,1.57
135,Kaitangata,NZ,2020-10-17 00:25:16,-46.28,169.85,48.99,65,80,14.0
136,Repnoye,RU,2020-10-17 00:25:16,51.59,43.19,47.28,86,91,6.78
137,Althofen,AT,2020-10-17 00:23:27,46.88,14.47,43.0,100,20,3.36
138,San Patricio,US,2020-10-17 00:25:16,28.02,-97.52,62.6,82,90,14.99
139,Quatre Cocos,MU,2020-10-17 00:25:16,-20.21,57.76,68.0,94,20,5.82
140,Verkhoyansk,RU,2020-10-17 00:25:17,67.54,133.38,11.3,90,100,4.88
141,Puerto Ayora,EC,2020-10-17 00:25:17,-0.74,-90.35,70.0,92,95,5.01
142,Esperance,AU,2020-10-17 00:25:17,-33.87,121.9,59.0,77,40,9.17
143,Smithers,CA,2020-10-17 00:25:17,54.78,-127.17,41.0,80,75,4.7
144,Longyearbyen,SJ,2020-10-17 00:25:17,78.22,15.64,26.6,63,40,13.87
145,Pokosnoye,RU,2020-10-17 00:25:17,55.53,101.05,28.54,94,100,5.88
146,Qianan,CN,2020-10-17 00:25:18,44.99,124.06,44.42,57,26,11.54
147,Khash,IR,2020-10-17 00:25:18,28.22,61.22,46.13,45,0,7.38
148,Victoria,HK,2020-10-17 00:24:16,22.29,114.16,77.0,74,66,1.01
149,Eyl,SO,2020-10-17 00:25:18,7.98,49.82,80.24,77,57,15.5
150,Orlik,RU,2020-10-17 00:25:18,52.52,99.83,19.31,89,5,4.09
151,Kavaratti,IN,2020-10-17 00:25:18,10.57,72.64,81.37,76,27,16.49
152,Port Blair,IN,2020-10-17 00:25:19,11.67,92.75,80.06,82,94,7.76
153,College,US,2020-10-17 00:25:19,64.86,-147.8,23.0,49,75,9.17
154,Qasigiannguit,GL,2020-10-17 00:25:19,68.82,-51.19,48.2,57,97,14.99
155,Torbay,CA,2020-10-17 00:25:19,47.67,-52.73,48.2,100,90,2.24
156,Amboasary,MG,2020-10-17 00:25:19,-25.03,46.38,71.6,83,75,13.87
157,Bikaner,IN,2020-10-17 00:25:19,28.02,73.3,77.9,18,2,7.29
158,Ponta Do Sol,PT,2020-10-17 00:25:19,32.67,-17.1,66.2,68,20,6.93
159,Nikolskoye,RU,2020-10-17 00:25:20,59.7,30.79,39.2,69,90,2.24
160,Jackson,US,2020-10-17 00:24:23,42.42,-122.83,82.4,20,1,0.96
161,Narsaq,GL,2020-10-17 00:25:20,60.92,-46.05,39.2,78,84,2.24
162,Lorengau,PG,2020-10-17 00:25:20,-2.02,147.27,84.65,71,100,8.1
163,Puerto Madero,MX,2020-10-17 00:25:20,14.72,-92.42,78.8,100,75,5.82
164,Ust-Kuyga,RU,2020-10-17 00:25:20,70.02,135.6,17.74,96,100,7.18
165,Tiksi,RU,2020-10-17 00:25:21,71.69,128.87,24.33,98,100,9.13
166,Taksimo,RU,2020-10-17 00:25:21,56.34,114.88,20.34,81,32,4.43
167,Tocopilla,CL,2020-10-17 00:25:21,-22.09,-70.2,65.93,53,39,8.59
168,Chulym,RU,2020-10-17 00:25:21,55.1,80.96,43.27,65,46,15.19
169,Azanka,RU,2020-10-17 00:25:21,58.04,64.79,38.89,86,47,1.83
170,Hualmay,PE,2020-10-17 00:25:21,-11.1,-77.61,63.91,81,28,7.29
171,Oriximina,BR,2020-10-17 00:25:22,-1.77,-55.87,82.63,61,16,4.14
172,Olinda,BR,2020-10-17 00:25:22,-8.01,-34.86,80.6,74,40,9.17
173,Pathein,MM,2020-10-17 00:25:22,16.78,94.73,77.11,91,100,3.96
174,Omaha,US,2020-10-17 00:20:42,41.26,-95.94,55.99,28,90,3.36
175,Ambunti,PG,2020-10-17 00:25:22,-4.24,142.84,72.34,99,100,0.56
176,Luderitz,NA,2020-10-17 00:25:22,-26.65,15.16,67.68,42,0,11.41
177,Namatanai,PG,2020-10-17 00:25:22,-3.67,152.43,84.99,65,100,6.82
178,Davila,PH,2020-10-17 00:25:23,18.47,120.58,84.2,74,20,3.36
179,Kyrylivka,UA,2020-10-17 00:25:23,46.38,35.37,64.49,84,6,3.2
180,Baruun-Urt,MN,2020-10-17 00:25:23,46.68,113.28,37.71,73,98,5.59
181,Olafsvik,IS,2020-10-17 00:25:23,64.89,-23.71,46.26,85,100,3.09
182,Cayenne,GF,2020-10-17 00:25:23,4.93,-52.33,78.8,83,8,3.36
183,Tiznit,MA,2020-10-17 00:25:23,29.58,-9.5,56.17,82,35,3.15
184,Cabedelo,BR,2020-10-17 00:23:52,-6.98,-34.83,77.0,83,20,4.7
185,Tuy Hoa,VN,2020-10-17 00:25:23,13.08,109.3,74.75,94,100,6.96
186,Cabo San Lucas,MX,2020-10-17 00:25:05,22.89,-109.91,88.0,66,5,3.36
187,Kansanshi,ZM,2020-10-17 00:25:24,-12.1,26.43,64.89,66,17,5.21
188,Yenagoa,NG,2020-10-17 00:25:24,4.92,6.26,74.93,96,100,3.31
189,Cururupu,BR,2020-10-17 00:25:24,-1.83,-44.87,76.53,87,78,3.74
190,Mayo,US,2020-10-17 00:24:32,38.89,-76.51,55.0,93,90,3.36
191,Aykhal,RU,2020-10-17 00:25:24,66.0,111.5,8.6,92,0,4.47
192,Kavieng,PG,2020-10-17 00:25:24,-2.57,150.8,84.13,69,97,10.94
193,Jamestown,US,2020-10-17 00:25:24,42.1,-79.24,42.01,59,1,0.81
194,Okha,RU,2020-10-17 00:25:24,53.57,142.95,40.84,67,60,17.43
195,Sanok,PL,2020-10-17 00:25:25,49.56,22.21,45.0,94,99,0.69
196,Kalmunai,LK,2020-10-17 00:25:25,7.42,81.82,75.22,78,17,3.6
197,Santa Cruz,BO,2020-10-17 00:25:25,-17.8,-63.17,75.2,73,38,4.7
198,Ostrovnoy,RU,2020-10-17 00:25:25,68.05,39.51,32.07,92,87,15.3
199,Salinopolis,BR,2020-10-17 00:25:25,-0.61,-47.36,80.8,77,50,12.77
200,Nelson Bay,AU,2020-10-17 00:25:25,-32.72,152.15,80.01,53,36,10.29
201,Sao Lourenco Do Oeste,BR,2020-10-17 00:25:25,-26.36,-52.85,61.3,76,66,3.51
202,Flin Flon,CA,2020-10-17 00:25:26,54.77,-101.86,28.4,63,90,10.29
203,Farafangana,MG,2020-10-17 00:25:26,-22.82,47.83,71.83,90,59,5.66
204,Ardahan,TR,2020-10-17 00:25:26,41.11,42.7,46.62,56,0,1.36
205,Capinopolis,BR,2020-10-17 00:25:26,-18.68,-49.57,79.5,53,71,6.51
206,Aban,RU,2020-10-17 00:25:26,56.67,96.06,32.63,94,100,10.09
207,Abu Zabad,SD,2020-10-17 00:25:27,12.35,29.25,80.85,39,2,4.81
208,Sao Filipe,CV,2020-10-17 00:25:27,14.9,-24.5,80.28,80,100,2.44
209,Tateyama,JP,2020-10-17 00:25:27,34.98,139.87,57.2,93,75,19.46
210,Caravelas,BR,2020-10-17 00:25:27,-17.71,-39.25,74.05,80,100,11.54
211,Margate,GB,2020-10-17 00:25:27,51.38,1.39,51.01,66,92,8.05
212,Florida,US,2020-10-17 00:23:51,28.75,-82.5,75.99,88,1,7.31
213,Upernavik,GL,2020-10-17 00:25:27,72.79,-56.15,40.3,71,100,8.23
214,Floro,NO,2020-10-17 00:25:27,61.6,5.03,44.6,93,41,2.24
215,Urumqi,CN,2020-10-17 00:25:28,43.8,87.6,42.8,52,0,4.47
216,Bandar-E Lengeh,IR,2020-10-17 00:25:28,26.56,54.88,78.8,31,0,4.7
217,Podor,MR,2020-10-17 00:25:28,16.65,-14.96,86.0,66,0,6.4
218,Beckley,US,2020-10-17 00:25:22,37.78,-81.19,44.6,72,1,4.0
219,Waddan,LY,2020-10-17 00:25:28,29.16,16.14,81.84,16,45,11.54
220,Talnakh,RU,2020-10-17 00:25:28,69.49,88.4,15.8,92,79,11.18
221,Union,US,2020-10-17 00:22:44,40.63,-74.27,53.01,95,100,6.71
222,Shimoda,JP,2020-10-17 00:25:28,34.67,138.95,57.2,93,75,19.46
223,Vao,NC,2020-10-17 00:25:29,-22.67,167.48,69.42,72,3,15.26
224,Nemuro,JP,2020-10-17 00:25:29,43.32,145.57,55.4,58,20,4.7
225,Nieuw Amsterdam,SR,2020-10-17 00:25:29,5.88,-55.08,82.0,81,28,1.99
226,Hvolsvollur,IS,2020-10-17 00:25:29,63.75,-20.22,41.0,86,21,3.0
227,Batticaloa,LK,2020-10-17 00:25:29,7.71,81.69,74.43,74,54,6.8
228,Zarate,AR,2020-10-17 00:25:29,-34.1,-59.03,69.01,80,0,1.99
229,Yarada,IN,2020-10-17 00:25:29,17.65,83.27,78.8,100,75,2.24
230,Coquimbo,CL,2020-10-17 00:25:29,-29.95,-71.34,53.6,87,20,5.82
231,Yerbogachen,RU,2020-10-17 00:25:30,61.28,108.01,25.11,96,98,9.75
232,Hovd,MN,2020-10-17 00:25:30,48.01,91.64,32.04,79,0,2.71
233,Kilkenny,IE,2020-10-17 00:25:30,52.65,-7.25,46.0,88,33,5.35
234,Dingle,PH,2020-10-17 00:25:30,11.0,122.67,81.14,78,62,2.91
235,Coihaique,CL,2020-10-17 00:25:30,-45.58,-72.07,55.4,58,20,3.36
236,Along,IN,2020-10-17 00:25:30,28.17,94.77,66.99,82,6,1.41
237,Nanakuli,US,2020-10-17 00:25:30,21.39,-158.15,86.0,62,1,9.17
238,Waipawa,NZ,2020-10-17 00:25:30,-41.41,175.52,51.8,87,100,19.46
239,Belaya Gora,RU,2020-10-17 00:25:31,68.53,146.42,26.01,98,100,13.4
240,Leh,IN,2020-10-17 00:25:31,34.17,77.58,34.74,58,0,2.24
241,Ola,RU,2020-10-17 00:25:31,59.58,151.28,33.87,82,10,5.08
242,Logan Lake,CA,2020-10-17 00:25:31,50.5,-120.8,50.0,87,75,2.24
243,Morant Bay,JM,2020-10-17 00:25:31,17.88,-76.41,84.2,79,20,9.17
244,Dharchula,IN,2020-10-17 00:25:31,29.85,80.53,59.16,34,20,4.27
245,Shipunovo,RU,2020-10-17 00:21:11,52.16,82.22,45.81,59,100,14.23
246,Broome,US,2020-10-17 00:25:32,42.25,-75.83,42.01,80,20,4.7
247,Halifax,CA,2020-10-17 00:21:57,44.65,-63.57,53.01,97,30,1.01
248,Aguazul,CO,2020-10-17 00:25:32,5.17,-72.55,75.74,78,77,3.11
249,Hirara,JP,2020-10-17 00:25:32,24.8,125.28,80.6,74,75,10.29
250,Kieta,PG,2020-10-17 00:25:32,-6.22,155.63,86.79,57,79,2.48
251,Roald,NO,2020-10-17 00:25:32,62.58,6.13,44.6,100,90,9.17
252,Maniitsoq,GL,2020-10-17 00:25:32,65.42,-52.9,40.26,91,100,42.9
253,Butaritari,KI,2020-10-17 00:25:32,3.07,172.79,81.72,76,0,14.25
254,Cueramaro,MX,2020-10-17 00:25:33,20.62,-101.72,66.76,59,6,11.36
255,Te Anau,NZ,2020-10-17 00:25:33,-45.42,167.72,49.96,63,89,2.24
256,Usvyaty,RU,2020-10-17 00:25:33,55.75,30.75,33.82,94,32,2.84
257,Pisco,PE,2020-10-17 00:22:03,-13.7,-76.22,64.4,82,4,19.46
258,Khatanga,RU,2020-10-17 00:25:33,71.97,102.5,-2.29,89,0,3.44
259,Port Lincoln,AU,2020-10-17 00:25:33,-34.73,135.87,55.11,67,100,14.09
260,Mount Isa,AU,2020-10-17 00:25:33,-20.73,139.5,89.6,15,0,12.75
261,Izhma,RU,2020-10-17 00:21:06,65.01,53.91,32.18,93,99,8.88
262,Evensk,RU,2020-10-17 00:25:34,61.95,159.23,37.33,69,0,14.81
263,Naze,JP,2020-10-17 00:25:34,28.37,129.48,78.8,74,20,9.17
264,Praia Da Vitoria,PT,2020-10-17 00:25:34,38.73,-27.07,64.4,93,40,6.67
265,Lake Charles,US,2020-10-17 00:25:34,30.21,-93.2,64.4,72,90,4.7
266,San Carlos De Bariloche,AR,2020-10-17 00:25:34,-41.15,-71.31,61.0,46,13,9.17
267,Cambui,BR,2020-10-17 00:25:35,-22.61,-46.06,64.0,75,99,8.99
268,Bowen,AU,2020-10-17 00:25:35,-20.02,148.23,78.8,50,40,16.11
269,Palu,ID,2020-10-17 00:25:35,-0.89,119.87,79.2,75,100,2.73
270,Dunedin,NZ,2020-10-17 00:25:35,-45.87,170.5,46.99,65,90,18.01
271,Kuloy,RU,2020-10-17 00:25:35,61.03,42.49,33.44,92,69,8.19
272,Isangel,VU,2020-10-17 00:25:35,-19.55,169.27,82.4,69,20,11.41
273,Warah,PK,2020-10-17 00:25:35,27.45,67.8,72.86,20,52,3.09
274,Kedrovyy,RU,2020-10-17 00:25:35,56.17,91.82,39.2,80,96,11.18
275,Kirakira,SB,2020-10-17 00:25:36,-10.45,161.92,85.01,65,24,5.64
276,Manakara,MG,2020-10-17 00:25:36,-22.13,48.02,71.69,90,76,0.31
277,Tsumeb,NA,2020-10-17 00:25:36,-19.23,17.72,73.02,20,82,12.68
278,Sirhind,IN,2020-10-17 00:25:36,30.65,76.38,67.91,41,0,3.06
279,Kumluca,TR,2020-10-17 00:25:36,36.37,30.29,72.61,47,67,4.23
280,Dhidhdhoo,MV,2020-10-17 00:25:36,6.88,73.1,81.75,73,68,13.13
281,Nioro,GM,2020-10-17 00:25:37,13.35,-15.75,78.31,85,73,4.5
282,Norman Wells,CA,2020-10-17 00:25:37,65.28,-126.83,21.2,73,90,16.11
283,Bastrop,US,2020-10-17 00:25:37,32.76,-91.87,57.2,81,1,5.46
284,Visnes,NO,2020-10-17 00:25:37,59.36,5.22,52.0,93,3,10.29
285,Maykor,RU,2020-10-17 00:25:37,59.01,55.88,34.41,87,100,4.03
286,Sirok,HU,2020-10-17 00:25:37,47.93,20.2,43.11,93,82,3.15
287,Tocache,PE,2020-10-17 00:25:37,-8.18,-76.51,72.37,85,59,1.63
288,Dudinka,RU,2020-10-17 00:25:38,69.41,86.18,15.8,92,48,11.18
289,Fare,PF,2020-10-17 00:25:38,-16.7,-151.02,79.11,80,82,11.59
290,Port Hardy,CA,2020-10-17 00:25:38,50.7,-127.42,51.8,76,75,10.29
291,Havoysund,NO,2020-10-17 00:25:38,71.0,24.66,33.8,80,75,19.46
292,Zhezkazgan,KZ,2020-10-17 00:25:38,47.8,67.71,47.03,52,16,3.38
293,Gayny,RU,2020-10-17 00:25:38,60.31,54.32,30.42,96,74,5.73
294,Flagstaff,US,2020-10-17 00:25:14,35.2,-111.65,72.0,10,1,10.29
295,Kafue,ZM,2020-10-17 00:25:39,-15.77,28.18,66.2,52,0,6.93
296,Nacala,MZ,2020-10-17 00:25:39,-14.54,40.67,72.84,85,8,8.01
297,General Roca,AR,2020-10-17 00:25:39,-39.03,-67.58,78.8,57,0,2.86
298,Henties Bay,NA,2020-10-17 00:25:39,-22.12,14.28,57.0,94,45,3.53
299,Ust-Nera,RU,2020-10-17 00:25:39,64.57,143.2,16.38,88,99,6.69
300,Grindavik,IS,2020-10-17 00:25:39,63.84,-22.43,41.0,100,75,6.93
301,Alamosa,US,2020-10-17 00:23:35,37.47,-105.87,66.2,16,1,4.7
302,Ampanihy,MG,2020-10-17 00:25:39,-24.7,44.75,66.6,77,81,14.85
303,Itaituba,BR,2020-10-17 00:25:40,-4.28,-55.98,82.62,55,61,1.83
304,Comapa,GT,2020-10-17 00:25:40,14.12,-89.92,64.83,100,100,0.98
305,Moree,AU,2020-10-17 00:25:07,-29.47,149.85,80.6,28,100,20.8
306,Lasa,IT,2020-10-17 00:25:40,46.62,10.7,45.0,100,40,5.82
307,Unity,CA,2020-10-17 00:25:40,52.45,-109.17,30.29,65,88,11.23
308,Simao,CN,2020-10-17 00:25:40,22.79,100.97,59.79,92,100,2.71
309,Zheleznodorozhnyy,RU,2020-10-17 00:25:40,55.75,38.0,33.8,83,40,3.94
310,Mari-Turek,RU,2020-10-17 00:25:40,56.79,49.62,35.55,84,86,12.5
311,Najran,SA,2020-10-17 00:25:41,17.49,44.13,62.6,36,0,2.37
312,Hamina,FI,2020-10-17 00:25:41,60.57,27.2,28.99,100,46,3.36
313,Puerto Madryn,AR,2020-10-17 00:25:41,-42.77,-65.04,71.58,42,0,22.48
314,Dzilam Gonzalez,MX,2020-10-17 00:25:41,21.28,-88.93,78.15,87,12,4.92
315,Hisua,IN,2020-10-17 00:25:41,24.83,85.42,78.8,94,10,0.76
316,Magway,MM,2020-10-17 00:25:41,20.15,94.92,76.77,92,75,2.82
317,Knysna,ZA,2020-10-17 00:25:41,-34.04,23.05,59.0,82,29,4.7
318,Pozo Colorado,PY,2020-10-17 00:25:42,-23.49,-58.8,81.01,50,94,4.32
319,Qandala,SO,2020-10-17 00:25:42,11.47,49.87,80.58,47,0,0.87
320,Lompoc,US,2020-10-17 00:22:58,34.64,-120.46,80.01,34,1,11.41
321,Ahipara,NZ,2020-10-17 00:25:42,-35.17,173.17,60.21,53,0,4.94
322,Rio Bueno,CL,2020-10-17 00:25:42,-40.32,-72.97,59.0,62,5,5.82
323,Castro,BR,2020-10-17 00:25:42,-24.79,-50.01,54.61,89,32,8.88
324,Manicore,BR,2020-10-17 00:25:42,-5.81,-61.3,77.72,77,44,1.59
325,Chirongui,YT,2020-10-17 00:25:43,-12.93,45.15,78.8,78,20,6.93
326,Mbandaka,CD,2020-10-17 00:25:43,0.05,18.26,71.31,93,1,2.42
327,Yazman,PK,2020-10-17 00:25:43,29.12,71.74,71.78,21,21,1.81
328,Bandarbeyla,SO,2020-10-17 00:25:43,9.49,50.81,79.7,78,4,11.99
329,Male,MV,2020-10-17 00:25:43,4.17,73.51,82.4,78,75,16.11
330,Kenai,US,2020-10-17 00:25:43,60.55,-151.26,39.0,51,20,6.93
331,Cherkasskoye,RU,2020-10-17 00:25:43,52.43,47.22,51.31,78,98,13.82
332,Bambanglipuro,ID,2020-10-17 00:25:43,-7.95,110.28,79.0,76,100,7.14
333,Qaqortoq,GL,2020-10-17 00:25:44,60.72,-46.03,39.2,83,92,2.24
334,Dalbandin,PK,2020-10-17 00:25:44,28.89,64.41,52.14,36,0,6.91
335,Klaksvik,FO,2020-10-17 00:25:44,62.23,-6.59,42.8,93,92,9.17
336,Rincon,US,2020-10-17 00:21:55,32.3,-81.24,78.8,54,75,6.93
337,Lavrentiya,RU,2020-10-17 00:25:44,65.58,-171.0,39.63,93,100,24.2
338,Vakhrushev,RU,2020-10-17 00:25:44,48.98,142.97,47.43,54,13,16.04
339,Tomatlan,MX,2020-10-17 00:25:44,19.93,-105.25,83.3,82,60,3.24
340,Haines Junction,CA,2020-10-17 00:25:45,60.75,-137.51,25.7,68,22,8.48
341,Biak,ID,2020-10-17 00:25:45,-0.91,122.88,77.68,83,100,4.25
342,Havre-Saint-Pierre,CA,2020-10-17 00:25:45,50.23,-63.6,48.2,93,90,12.75
343,Svetlogorsk,BY,2020-10-17 00:25:45,52.63,29.73,41.04,92,26,7.99
344,Turukhansk,RU,2020-10-17 00:25:45,65.82,87.98,27.84,98,100,13.06
345,Salalah,OM,2020-10-17 00:25:45,17.02,54.09,75.2,50,0,2.24
346,Horta,PT,2020-10-17 00:25:45,38.53,-28.63,63.77,71,28,8.86
347,Fernie,CA,2020-10-17 00:24:14,49.5,-115.07,48.2,81,75,8.05
348,Novyy Urengoy,RU,2020-10-17 00:25:46,66.08,76.63,31.57,99,100,16.69
349,Isla Vista,US,2020-10-17 00:25:46,34.41,-119.86,90.0,42,1,4.7
350,Neryungri,RU,2020-10-17 00:25:46,56.67,124.65,16.88,94,100,11.43
351,Paita,PE,2020-10-17 00:25:46,-5.09,-81.11,63.07,89,28,13.29
352,Butwal,NP,2020-10-17 00:25:46,27.7,83.45,73.42,78,0,3.47
353,Goulburn,AU,2020-10-17 00:22:37,-34.75,149.72,68.0,73,100,1.99
354,Praia,CV,2020-10-17 00:21:39,14.92,-23.51,77.0,88,96,5.82
355,Bucerias,MX,2020-10-17 00:25:47,20.75,-105.33,88.0,79,40,8.05
356,Wanning,CN,2020-10-17 00:25:47,18.8,110.4,78.15,85,100,21.68
357,Gawler,AU,2020-10-17 00:25:47,-34.6,138.73,60.01,79,100,4.0
358,Buala,SB,2020-10-17 00:25:47,-8.14,159.59,84.43,73,27,5.68
359,Plettenberg Bay,ZA,2020-10-17 00:25:47,-34.05,23.37,66.31,57,30,5.48
360,Xichang,CN,2020-10-17 00:25:47,27.9,102.26,52.29,74,98,1.3
361,Yar-Sale,RU,2020-10-17 00:25:48,66.83,70.83,30.54,98,100,24.14
362,Sakakah,SA,2020-10-17 00:25:48,29.97,40.21,69.8,31,0,5.82
363,Saint George,US,2020-10-17 00:25:42,37.1,-113.58,82.99,8,1,4.7
364,Carthage,TN,2020-10-17 00:21:28,36.86,10.33,57.2,67,20,5.82
365,Neiafu,TO,2020-10-17 00:25:48,-18.65,-173.98,77.0,83,75,14.99
366,San Jeronimo,PE,2020-10-17 00:25:48,-11.95,-75.28,52.86,62,66,3.96
367,Ninotsminda,GE,2020-10-17 00:25:48,41.26,43.59,39.2,57,0,3.56
368,Palana,RU,2020-10-17 00:25:48,59.12,159.97,34.11,88,92,19.86
369,Nanortalik,GL,2020-10-17 00:25:49,60.14,-45.24,40.57,78,93,10.85
370,Sao Joao Da Barra,BR,2020-10-17 00:25:49,-21.64,-41.05,70.59,78,100,7.87
371,Lufilufi,WS,2020-10-17 00:25:49,-13.87,-171.6,82.4,88,90,6.93
372,Roebourne,AU,2020-10-17 00:25:49,-20.78,117.13,76.33,42,0,10.56
373,Marzuq,YE,2020-10-17 00:25:49,14.4,46.47,65.25,27,0,3.04
374,Tuatapere,NZ,2020-10-17 00:25:49,-46.13,167.68,54.0,62,50,5.01
375,Ulaangom,MN,2020-10-17 00:25:49,49.98,92.07,29.12,94,0,1.54
376,Sandusky,US,2020-10-17 00:25:50,41.35,-83.13,46.99,48,0,7.23
377,Libourne,FR,2020-10-17 00:25:50,44.92,-0.25,44.6,93,90,3.22
378,Cedar City,US,2020-10-17 00:21:44,37.68,-113.06,66.2,12,1,9.17
379,Rantepao,ID,2020-10-17 00:25:50,-2.97,119.9,68.52,90,100,0.85
380,Geraldton,AU,2020-10-17 00:25:50,-28.77,114.6,64.4,52,75,10.29
381,Zabol,AF,2020-10-17 00:25:50,32.25,67.25,38.91,60,0,4.76
382,Eyrarbakki,IS,2020-10-17 00:25:50,63.86,-21.15,44.6,81,21,4.7
383,Delcevo,MK,2020-10-17 00:25:51,41.97,22.77,57.99,88,100,1.01
384,Kudahuvadhoo,MV,2020-10-17 00:25:51,2.67,72.89,81.97,79,48,18.86
385,Araceli,PH,2020-10-17 00:25:51,10.55,119.99,80.44,81,100,10.09
386,Parabel,RU,2020-10-17 00:25:51,58.7,81.48,40.96,82,100,14.25
387,Lima,PE,2020-10-17 00:25:50,-12.04,-77.03,64.4,82,90,13.87
388,Bathsheba,BB,2020-10-17 00:25:51,13.22,-59.52,78.8,88,40,11.41
389,Mana,GF,2020-10-17 00:25:51,5.66,-53.78,80.31,77,32,12.21
390,Muros,ES,2020-10-17 00:25:52,42.78,-9.06,50.0,91,100,1.01
391,Zyryanka,RU,2020-10-17 00:25:52,65.75,150.85,29.14,98,100,14.03
392,Kilosa,TZ,2020-10-17 00:25:52,-6.83,36.98,70.34,84,13,2.51
393,Laguna,US,2020-10-17 00:25:52,38.42,-121.42,95.0,9,1,6.93
394,Fairbanks,US,2020-10-17 00:25:52,64.84,-147.72,23.0,45,1,9.17
395,Bagado,CO,2020-10-17 00:25:52,5.41,-76.42,75.63,90,100,1.83
396,Kijang,KR,2020-10-17 00:25:52,35.24,129.21,59.0,62,0,8.05
397,Baykit,RU,2020-10-17 00:25:53,61.67,96.37,27.12,94,100,7.85
398,West Wendover,US,2020-10-17 00:25:53,40.74,-114.07,64.4,17,1,3.51
399,Gamba,GA,2020-10-17 00:25:53,-2.65,10.0,75.76,86,72,6.78
400,Montalvo,EC,2020-10-17 00:25:53,-1.8,-79.33,80.69,59,65,2.17
401,Altar,MX,2020-10-17 00:25:53,30.7,-111.82,93.99,19,3,4.0
402,Rapar,IN,2020-10-17 00:25:53,23.57,70.63,86.32,61,97,6.17
403,Kushmurun,KZ,2020-10-17 00:25:53,52.45,64.63,52.97,45,99,14.03
404,Teguldet,RU,2020-10-17 00:25:53,57.31,88.17,40.57,89,97,12.06
405,Axim,GH,2020-10-17 00:25:54,4.87,-2.24,76.71,87,80,7.96
406,Ayan,RU,2020-10-17 00:25:54,56.45,138.17,34.65,80,57,4.94
407,Coari,BR,2020-10-17 00:25:54,-4.08,-63.14,78.87,77,86,1.86
408,Severo-Kurilsk,RU,2020-10-17 00:25:54,50.68,156.12,42.71,65,73,24.85
409,Buraydah,SA,2020-10-17 00:25:54,26.33,43.98,64.4,39,0,5.82
410,Brodokalmak,RU,2020-10-17 00:25:54,55.57,62.08,53.6,62,40,8.95
411,Chagoda,RU,2020-10-17 00:25:54,59.16,35.33,33.69,94,85,5.41
412,Lyubech,UA,2020-10-17 00:25:55,51.7,30.66,46.67,83,67,6.24
413,Homer,US,2020-10-17 00:21:54,59.64,-151.55,46.4,52,1,12.75
414,Zalari,RU,2020-10-17 00:25:55,53.56,102.51,29.1,92,78,4.29
415,Komsomolskiy,UZ,2020-10-17 00:25:55,40.43,71.72,51.8,62,0,6.93
416,Wajima,JP,2020-10-17 00:25:55,37.4,136.9,59.0,62,75,1.12
417,Vila,PT,2020-10-17 00:25:55,42.03,-8.16,45.0,87,100,1.01
418,Beloha,MG,2020-10-17 00:25:55,-25.17,45.05,65.5,81,75,11.9
419,Toccoa,US,2020-10-17 00:25:26,34.58,-83.33,59.0,54,1,8.05
420,Nkhata Bay,MW,2020-10-17 00:25:56,-11.61,34.29,74.53,69,22,4.25
421,Andover,GB,2020-10-17 00:25:56,51.21,-1.48,50.0,81,25,5.82
422,Vardo,NO,2020-10-17 00:25:56,70.37,31.11,37.58,75,100,9.69
423,Nianzishan,CN,2020-10-17 00:25:56,47.52,122.88,42.31,65,75,16.04
424,Coswig,DE,2020-10-17 00:25:56,51.13,13.58,46.0,100,90,6.93
425,Marawi,PH,2020-10-17 00:25:56,8.0,124.29,81.0,81,92,1.01
426,Saint-Gabriel,CA,2020-10-17 00:23:41,46.3,-73.38,50.0,93,90,10.29
427,Macamic,CA,2020-10-17 00:25:57,48.75,-79.0,37.4,59,75,6.93
428,Bilma,NE,2020-10-17 00:25:57,18.69,12.92,82.56,19,0,3.71
429,Ust-Ishim,RU,2020-10-17 00:25:57,57.69,71.17,45.97,83,86,8.66
430,Asau,RO,2020-10-17 00:25:57,46.43,26.4,52.0,98,100,1.41
431,Chara,RU,2020-10-17 00:25:57,56.91,118.26,14.63,84,17,4.03
432,Sabang,ID,2020-10-17 00:25:57,5.89,95.32,82.96,73,100,19.98
433,Russell,US,2020-10-17 00:25:58,32.35,-85.2,66.2,82,1,6.93
434,Maumere,ID,2020-10-17 00:25:58,-8.62,122.21,83.48,65,44,1.7
435,Mikuni,JP,2020-10-17 00:25:58,36.22,136.15,57.2,76,75,3.36
436,Dengzhou,CN,2020-10-17 00:25:58,37.81,120.75,58.37,48,0,11.12
437,Bahia Blanca,AR,2020-10-17 00:25:58,-38.72,-62.27,73.11,52,4,14.72
438,Bor,RU,2020-10-17 00:22:17,56.36,44.07,32.0,81,20,8.95
439,Binabalian,PH,2020-10-17 00:25:58,16.42,119.93,81.86,78,54,10.8
440,Lagoa,PT,2020-10-17 00:25:58,39.05,-27.98,63.77,62,75,7.85
441,Rio Grande,BR,2020-10-17 00:24:40,-32.03,-52.1,61.27,85,32,15.79
442,Carnot,CF,2020-10-17 00:25:59,4.94,15.87,69.13,91,55,2.13
443,Istok,XK,2020-10-17 00:25:59,42.78,20.49,46.99,75,40,1.12
444,Kudat,MY,2020-10-17 00:25:59,6.88,116.85,78.8,88,20,2.24
445,San Policarpo,PH,2020-10-17 00:25:59,12.18,125.51,82.33,78,89,5.19
446,Kaihua,CN,2020-10-17 00:25:59,23.37,104.28,51.57,89,99,6.98
447,Neyshabur,IR,2020-10-17 00:26:00,36.21,58.8,45.0,49,0,1.36
448,Huanuco,PE,2020-10-17 00:26:00,-9.93,-76.24,63.72,64,52,4.45
449,Avera,US,2020-10-17 00:26:00,33.19,-82.53,66.2,72,1,5.82
450,Padang,ID,2020-10-17 00:25:09,-0.95,100.35,78.8,72,99,3.6
451,Tombouctou,ML,2020-10-17 00:26:00,20.0,-3.0,90.23,13,0,8.99
452,Ubon Ratchathani,TH,2020-10-17 00:26:00,15.17,105.17,77.0,94,75,10.29
453,Rocky Mountain House,CA,2020-10-17 00:26:00,52.37,-114.92,27.59,98,100,9.98
454,Touros,BR,2020-10-17 00:26:00,-5.2,-35.46,77.0,83,20,10.29
455,Cockburn Town,TC,2020-10-17 00:26:01,21.46,-71.14,83.88,79,11,20.0
456,Zhigansk,RU,2020-10-17 00:26:01,66.77,123.37,17.92,92,93,5.41
457,Anloga,GH,2020-10-17 00:26:01,5.79,0.9,77.0,88,20,4.7
458,Yining,CN,2020-10-17 00:26:01,29.04,114.56,57.96,91,100,2.51
459,Melilla,ES,2020-10-17 00:26:01,35.29,-2.94,60.8,63,28,1.7
460,Rabat,MA,2020-10-17 00:26:01,33.99,-6.84,60.01,76,75,2.37
461,Pringsewu,ID,2020-10-17 00:26:02,-5.36,104.97,77.05,89,92,4.59
462,Kutum,SD,2020-10-17 00:26:02,14.2,24.67,75.81,19,0,8.72
463,Pacific Grove,US,2020-10-17 00:26:02,36.62,-121.92,86.0,49,1,10.29
464,Murgab,TM,2020-10-17 00:26:02,37.5,61.97,50.0,61,0,2.64
465,Maneadero,MX,2020-10-17 00:26:02,31.72,-116.57,84.99,26,0,1.99
466,Tual,ID,2020-10-17 00:26:02,-5.67,132.75,80.51,79,96,15.41
467,Auki,SB,2020-10-17 00:26:02,-8.77,160.7,85.89,69,4,2.89
468,Karratha,AU,2020-10-17 00:21:56,-20.74,116.85,74.32,48,0,12.37
469,Kamenka,RU,2020-10-17 00:26:03,51.32,42.77,46.99,89,91,6.71
470,Faya,SA,2020-10-17 00:26:03,18.39,42.45,59.0,28,0,3.71
471,Touho,NC,2020-10-17 00:26:03,-20.78,165.23,73.71,73,14,10.22
472,Balabac,PH,2020-10-17 00:26:03,7.99,117.06,81.39,77,100,6.98
473,Luganville,VU,2020-10-17 00:26:03,-15.53,167.17,82.4,74,40,9.17
474,Beatrice,US,2020-10-17 00:26:04,40.27,-96.75,54.0,34,40,8.05
475,Peleduy,RU,2020-10-17 00:26:04,59.63,112.74,25.74,95,100,9.91
476,Boysun,UZ,2020-10-17 00:26:04,38.21,67.2,46.72,53,1,1.52
477,Biryusinsk,RU,2020-10-17 00:26:04,55.96,97.82,31.21,95,100,4.56
478,Blackfoot,US,2020-10-17 00:26:04,43.19,-112.34,62.01,31,0,11.99
479,Ancud,CL,2020-10-17 00:26:04,-41.87,-73.82,53.01,76,52,9.17
480,Gazanjyk,TM,2020-10-17 00:26:05,39.24,55.52,54.16,38,0,7.56
481,Atar,MR,2020-10-17 00:26:05,20.52,-13.05,88.54,24,8,7.83
482,Rohtak,IN,2020-10-17 00:26:05,28.9,76.57,66.2,77,0,2.08
483,Ler,SS,2020-10-17 00:26:05,8.3,30.14,73.83,88,100,4.27
484,Corn Island,NI,2020-10-17 00:26:05,12.17,-83.04,83.32,76,93,11.74
485,Lawrence,US,2020-10-17 00:25:19,38.97,-95.24,55.99,34,20,6.93
486,Itarema,BR,2020-10-17 00:26:06,-2.92,-39.92,78.64,79,1,14.85
487,Aktas,KZ,2020-10-17 00:26:06,49.78,72.96,26.6,79,42,4.47
488,Cairns,AU,2020-10-17 00:21:41,-16.92,145.77,82.99,51,40,13.87
489,Ballina,AU,2020-10-17 00:26:06,-28.87,153.57,78.8,54,72,8.05
490,Bamiantong,CN,2020-10-17 00:26:06,44.93,130.53,42.01,63,0,7.94
491,Taixing,CN,2020-10-17 00:26:06,32.17,120.01,64.0,95,10,6.04
492,Cambados,ES,2020-10-17 00:26:06,42.51,-8.81,57.0,47,100,1.99
493,Acandi,CO,2020-10-17 00:26:07,8.51,-77.28,80.11,84,52,5.91
494,Derzhavinsk,KZ,2020-10-17 00:26:07,51.1,66.32,51.96,44,100,13.71
495,Ambon,ID,2020-10-17 00:26:07,-3.7,128.18,82.4,78,40,4.7
496,Ngunguru,NZ,2020-10-17 00:26:07,-35.62,174.5,66.0,61,1,8.99
497,Ituporanga,BR,2020-10-17 00:26:07,-27.41,-49.6,62.01,89,9,2.91
498,Pimentel,PE,2020-10-17 00:26:07,-6.84,-79.93,62.96,86,20,10.22
499,Ondjiva,AO,2020-10-17 00:26:07,-17.07,15.73,76.91,39,43,6.87
500,Kununurra,AU,2020-10-17 00:26:07,-15.77,128.73,87.8,62,0,9.17
501,Vanimo,PG,2020-10-17 00:26:08,-2.67,141.3,79.34,77,100,5.91
502,Sawtell,AU,2020-10-17 00:26:08,-30.38,153.1,77.0,73,36,18.34
503,Guerrero Negro,MX,2020-10-17 00:26:08,27.98,-114.06,78.6,51,51,16.33
504,Road Town,VG,2020-10-17 00:23:33,18.42,-64.62,80.6,100,75,4.7
505,Maryville,US,2020-10-17 00:24:14,35.76,-83.97,55.4,47,1,4.7
506,Lumphat,KH,2020-10-17 00:26:08,13.49,106.98,73.62,98,100,3.96
507,Hailar,CN,2020-10-17 00:26:08,49.2,119.7,33.75,87,3,16.84
508,Salmas,IR,2020-10-17 00:26:08,38.2,44.77,46.4,47,0,6.93
509,Roma,US,2020-10-17 00:23:47,43.21,-75.46,42.8,87,75,3.18
510,Kajaani,FI,2020-10-17 00:26:09,64.23,27.73,37.4,93,90,9.17
511,Saint-Georges,GD,2020-10-17 00:26:09,12.06,-61.75,84.2,79,40,16.11
512,Ilebo,CD,2020-10-17 00:26:09,-4.32,20.58,70.88,93,99,1.03
513,Porto Murtinho,BR,2020-10-17 00:26:09,-21.7,-57.88,81.9,54,55,3.58
514,Antigonish,CA,2020-10-17 00:26:09,45.62,-62.0,52.0,92,31,1.01
515,Japura,ID,2020-10-17 00:26:09,-0.32,102.35,75.94,91,96,1.92
516,Aanekoski,FI,2020-10-17 00:26:09,62.69,25.82,30.99,100,40,4.7
517,Westport,US,2020-10-17 00:25:07,41.14,-73.36,51.01,98,100,6.42
518,Chalus,IR,2020-10-17 00:26:10,36.66,51.42,57.2,82,0,2.24
519,Sungairaya,ID,2020-10-17 00:26:10,0.7,108.9,81.01,78,89,5.88
520,Mahibadhoo,MV,2020-10-17 00:26:10,3.78,72.97,81.93,77,3,16.04
521,Tahoua,NE,2020-10-17 00:26:11,14.89,5.27,84.2,66,9,2.24
522,The Valley,AI,2020-10-17 00:26:11,18.22,-63.06,78.8,94,20,12.75
523,Curvelo,BR,2020-10-17 00:23:24,-18.76,-44.43,74.17,76,92,1.48
524,Cap Malheureux,MU,2020-10-17 00:26:11,-19.98,57.61,68.0,94,20,5.82
525,Susuman,RU,2020-10-17 00:26:11,62.78,148.17,20.07,92,97,4.43
526,Ambilobe,MG,2020-10-17 00:26:11,-13.2,49.05,70.65,75,47,2.84
527,El Tocuyo,VE,2020-10-17 00:26:12,9.79,-69.79,78.8,65,61,10.29
528,Frontera,MX,2020-10-17 00:26:12,26.93,-101.45,75.0,33,21,3.0
529,Chengde,CN,2020-10-17 00:26:12,40.97,117.94,46.13,50,0,2.01
530,Poshekhonye,RU,2020-10-17 00:26:12,58.5,39.14,33.62,91,15,5.82
531,Tessalit,ML,2020-10-17 00:26:12,20.2,1.01,84.49,15,0,9.31
532,Lazaro Cardenas,MX,2020-10-17 00:26:12,17.96,-102.2,83.34,80,49,4.14
533,Kayerkan,RU,2020-10-17 00:26:12,69.35,87.76,15.8,92,35,11.18
534,Mariental,NA,2020-10-17 00:26:13,-24.63,17.97,71.28,21,14,6.08
535,Lokosovo,RU,2020-10-17 00:26:13,61.13,74.82,37.11,77,87,21.63
536,Puerto Baquerizo Moreno,EC,2020-10-17 00:26:13,-0.9,-89.6,70.09,86,97,11.88
537,Juuru,EE,2020-10-17 00:26:13,59.06,24.96,39.2,86,75,2.24
538,Rosetta,EG,2020-10-17 00:26:13,31.4,30.42,73.4,69,3,5.1
539,Nara,JP,2020-10-17 00:26:13,34.69,135.8,57.0,93,75,1.12
